[
    {
        "name": "guzzlehttp/guzzle",
        "version": "6.5.5",
        "version_normalized": "6.5.5.0",
        "source": {
            "type": "git",
            "url": "https://github.com/guzzle/guzzle.git",
            "reference": "9d4290de1cfd701f38099ef7e183b64b4b7b0c5e"
        },
        "dist": {
            "type": "zip",
            "url": "https://api.github.com/repos/guzzle/guzzle/zipball/9d4290de1cfd701f38099ef7e183b64b4b7b0c5e",
            "reference": "9d4290de1cfd701f38099ef7e183b64b4b7b0c5e",
            "shasum": ""
        },
        "require": {
            "ext-json": "*",
            "guzzlehttp/promises": "^1.0",
            "guzzlehttp/psr7": "^1.6.1",
            "php": ">=5.5",
            "symfony/polyfill-intl-idn": "^1.17.0"
        },
        "require-dev": {
            "ext-curl": "*",
            "phpunit/phpunit": "^4.8.35 || ^5.7 || ^6.4 || ^7.0",
            "psr/log": "^1.1"
        },
        "suggest": {
            "psr/log": "Required for using the Log middleware"
        },
        "time": "2020-06-16T21:01:06+00:00",
        "type": "library",
        "extra": {
            "branch-alias": {
                "dev-master": "6.5-dev"
            }
        },
        "installation-source": "dist",
        "autoload": {
            "psr-4": {
                "GuzzleHttp\\": "src/"
            },
            "files": [
                "src/functions_include.php"
            ]
        },
        "notification-url": "https://packagist.org/downloads/",
        "license": [
            "MIT"
        ],
        "authors": [
            {
                "name": "Michael Dowling",
                "email": "mtdowling@gmail.com",
                "homepage": "https://github.com/mtdowling"
            }
        ],
        "description": "Guzzle is a PHP HTTP client library",
        "homepage": "http://guzzlephp.org/",
        "keywords": [
            "client",
            "curl",
            "framework",
            "http",
            "http client",
            "rest",
            "web service"
        ]
    },
    {
        "name": "guzzlehttp/promises",
        "version": "v1.3.1",
        "version_normalized": "1.3.1.0",
        "source": {
            "type": "git",
            "url": "https://github.com/guzzle/promises.git",
            "reference": "a59da6cf61d80060647ff4d3eb2c03a2bc694646"
        },
        "dist": {
            "type": "zip",
            "url": "https://api.github.com/repos/guzzle/promises/zipball/a59da6cf61d80060647ff4d3eb2c03a2bc694646",
            "reference": "a59da6cf61d80060647ff4d3eb2c03a2bc694646",
            "shasum": ""
        },
        "require": {
            "php": ">=5.5.0"
        },
        "require-dev": {
            "phpunit/phpunit": "^4.0"
        },
        "time": "2016-12-20T10:07:11+00:00",
        "type": "library",
        "extra": {
            "branch-alias": {
                "dev-master": "1.4-dev"
            }
        },
        "installation-source": "dist",
        "autoload": {
            "psr-4": {
                "GuzzleHttp\\Promise\\": "src/"
            },
            "files": [
                "src/functions_include.php"
            ]
        },
        "notification-url": "https://packagist.org/downloads/",
        "license": [
            "MIT"
        ],
        "authors": [
            {
                "name": "Michael Dowling",
                "email": "mtdowling@gmail.com",
                "homepage": "https://github.com/mtdowling"
            }
        ],
        "description": "Guzzle promises library",
        "keywords": [
            "promise"
        ]
    },
    {
        "name": "guzzlehttp/psr7",
        "version": "1.6.1",
        "version_normalized": "1.6.1.0",
        "source": {
            "type": "git",
            "url": "https://github.com/guzzle/psr7.git",
            "reference": "239400de7a173fe9901b9ac7c06497751f00727a"
        },
        "dist": {
            "type": "zip",
            "url": "https://api.github.com/repos/guzzle/psr7/zipball/239400de7a173fe9901b9ac7c06497751f00727a",
            "reference": "239400de7a173fe9901b9ac7c06497751f00727a",
            "shasum": ""
        },
        "require": {
            "php": ">=5.4.0",
            "psr/http-message": "~1.0",
            "ralouphie/getallheaders": "^2.0.5 || ^3.0.0"
        },
        "provide": {
            "psr/http-message-implementation": "1.0"
        },
        "require-dev": {
            "ext-zlib": "*",
            "phpunit/phpunit": "~4.8.36 || ^5.7.27 || ^6.5.8"
        },
        "suggest": {
            "zendframework/zend-httphandlerrunner": "Emit PSR-7 responses"
        },
        "time": "2019-07-01T23:21:34+00:00",
        "type": "library",
        "extra": {
            "branch-alias": {
                "dev-master": "1.6-dev"
            }
        },
        "installation-source": "dist",
        "autoload": {
            "psr-4": {
                "GuzzleHttp\\Psr7\\": "src/"
            },
            "files": [
                "src/functions_include.php"
            ]
        },
        "notification-url": "https://packagist.org/downloads/",
        "license": [
            "MIT"
        ],
        "authors": [
            {
                "name": "Michael Dowling",
                "email": "mtdowling@gmail.com",
                "homepage": "https://github.com/mtdowling"
            },
            {
                "name": "Tobias Schultze",
                "homepage": "https://github.com/Tobion"
            }
        ],
        "description": "PSR-7 message implementation that also provides common utility methods",
        "keywords": [
            "http",
            "message",
            "psr-7",
            "request",
            "response",
            "stream",
            "uri",
            "url"
        ]
    },
    {
        "name": "paragonie/random_compat",
        "version": "v9.99.99",
        "version_normalized": "9.99.99.0",
        "source": {
            "type": "git",
            "url": "https://github.com/paragonie/random_compat.git",
            "reference": "84b4dfb120c6f9b4ff7b3685f9b8f1aa365a0c95"
        },
        "dist": {
            "type": "zip",
            "url": "https://api.github.com/repos/paragonie/random_compat/zipball/84b4dfb120c6f9b4ff7b3685f9b8f1aa365a0c95",
            "reference": "84b4dfb120c6f9b4ff7b3685f9b8f1aa365a0c95",
            "shasum": ""
        },
        "require": {
            "php": "^7"
        },
        "require-dev": {
            "phpunit/phpunit": "4.*|5.*",
            "vimeo/psalm": "^1"
        },
        "suggest": {
            "ext-libsodium": "Provides a modern crypto API that can be used to generate random bytes."
        },
        "time": "2018-07-02T15:55:56+00:00",
        "type": "library",
        "installation-source": "dist",
        "notification-url": "https://packagist.org/downloads/",
        "license": [
            "MIT"
        ],
        "authors": [
            {
                "name": "Paragon Initiative Enterprises",
                "email": "security@paragonie.com",
                "homepage": "https://paragonie.com"
            }
        ],
        "description": "PHP 5.x polyfill for random_bytes() and random_int() from PHP 7",
        "keywords": [
            "csprng",
            "polyfill",
            "pseudorandom",
            "random"
        ]
    },
    {
        "name": "psr/http-message",
        "version": "1.0.1",
        "version_normalized": "1.0.1.0",
        "source": {
            "type": "git",
            "url": "https://github.com/php-fig/http-message.git",
            "reference": "f6561bf28d520154e4b0ec72be95418abe6d9363"
        },
        "dist": {
            "type": "zip",
            "url": "https://api.github.com/repos/php-fig/http-message/zipball/f6561bf28d520154e4b0ec72be95418abe6d9363",
            "reference": "f6561bf28d520154e4b0ec72be95418abe6d9363",
            "shasum": ""
        },
        "require": {
            "php": ">=5.3.0"
        },
        "time": "2016-08-06T14:39:51+00:00",
        "type": "library",
        "extra": {
            "branch-alias": {
                "dev-master": "1.0.x-dev"
            }
        },
        "installation-source": "dist",
        "autoload": {
            "psr-4": {
                "Psr\\Http\\Message\\": "src/"
            }
        },
        "notification-url": "https://packagist.org/downloads/",
        "license": [
            "MIT"
        ],
        "authors": [
            {
                "name": "PHP-FIG",
                "homepage": "http://www.php-fig.org/"
            }
        ],
        "description": "Common interface for HTTP messages",
        "homepage": "https://github.com/php-fig/http-message",
        "keywords": [
            "http",
            "http-message",
            "psr",
            "psr-7",
            "request",
            "response"
        ]
    },
    {
        "name": "ralouphie/getallheaders",
        "version": "3.0.3",
        "version_normalized": "3.0.3.0",
        "source": {
            "type": "git",
            "url": "https://github.com/ralouphie/getallheaders.git",
            "reference": "120b605dfeb996808c31b6477290a714d356e822"
        },
        "dist": {
            "type": "zip",
            "url": "https://api.github.com/repos/ralouphie/getallheaders/zipball/120b605dfeb996808c31b6477290a714d356e822",
            "reference": "120b605dfeb996808c31b6477290a714d356e822",
            "shasum": ""
        },
        "require": {
            "php": ">=5.6"
        },
        "require-dev": {
            "php-coveralls/php-coveralls": "^2.1",
            "phpunit/phpunit": "^5 || ^6.5"
        },
        "time": "2019-03-08T08:55:37+00:00",
        "type": "library",
        "installation-source": "dist",
        "autoload": {
            "files": [
                "src/getallheaders.php"
            ]
        },
        "notification-url": "https://packagist.org/downloads/",
        "license": [
            "MIT"
        ],
        "authors": [
            {
                "name": "Ralph Khattar",
                "email": "ralph.khattar@gmail.com"
            }
        ],
        "description": "A polyfill for getallheaders."
    },
    {
        "name": "stichoza/google-translate-php",
        "version": "v4.1.0",
        "version_normalized": "4.1.0.0",
        "source": {
            "type": "git",
            "url": "https://github.com/Stichoza/google-translate-php.git",
            "reference": "f5b8be4f573d53a52190651de27f16c679d84990"
        },
        "dist": {
            "type": "zip",
            "url": "https://api.github.com/repos/Stichoza/google-translate-php/zipball/f5b8be4f573d53a52190651de27f16c679d84990",
            "reference": "f5b8be4f573d53a52190651de27f16c679d84990",
            "shasum": ""
        },
        "require": {
            "ext-json": "*",
            "ext-mbstring": "*",
            "guzzlehttp/guzzle": "~6.0",
            "php": "^7.1"
        },
        "require-dev": {
            "phpunit/phpunit": "^7.0"
        },
        "time": "2020-02-11T01:34:51+00:00",
        "type": "library",
        "installation-source": "dist",
        "autoload": {
            "psr-4": {
                "Stichoza\\GoogleTranslate\\": "src/"
            }
        },
        "notification-url": "https://packagist.org/downloads/",
        "license": [
            "MIT"
        ],
        "authors": [
            {
                "name": "Levan Velijanashvili",
                "email": "me@stichoza.com"
            }
        ],
        "description": "Free Google Translate API PHP Package",
        "homepage": "http://github.com/Stichoza/google-translate-php",
        "keywords": [
            "google",
            "php",
            "translate",
            "translator"
        ]
    },
    {
        "name": "symfony/polyfill-intl-idn",
        "version": "v1.18.1",
        "version_normalized": "1.18.1.0",
        "source": {
            "type": "git",
            "url": "https://github.com/symfony/polyfill-intl-idn.git",
            "reference": "5dcab1bc7146cf8c1beaa4502a3d9be344334251"
        },
        "dist": {
            "type": "zip",
            "url": "https://api.github.com/repos/symfony/polyfill-intl-idn/zipball/5dcab1bc7146cf8c1beaa4502a3d9be344334251",
            "reference": "5dcab1bc7146cf8c1beaa4502a3d9be344334251",
            "shasum": ""
        },
        "require": {
            "php": ">=5.3.3",
            "symfony/polyfill-intl-normalizer": "^1.10",
            "symfony/polyfill-php70": "^1.10",
            "symfony/polyfill-php72": "^1.10"
        },
        "suggest": {
            "ext-intl": "For best performance"
        },
        "time": "2020-08-04T06:02:08+00:00",
        "type": "library",
        "extra": {
            "branch-alias": {
                "dev-master": "1.18-dev"
            },
            "thanks": {
                "name": "symfony/polyfill",
                "url": "https://github.com/symfony/polyfill"
            }
        },
        "installation-source": "dist",
        "autoload": {
            "psr-4": {
                "Symfony\\Polyfill\\Intl\\Idn\\": ""
            },
            "files": [
                "bootstrap.php"
            ]
        },
        "notification-url": "https://packagist.org/downloads/",
        "license": [
            "MIT"
        ],
        "authors": [
            {
                "name": "Laurent Bassin",
                "email": "laurent@bassin.info"
            },
            {
                "name": "Trevor Rowbotham",
                "email": "trevor.rowbotham@pm.me"
            },
            {
                "name": "Symfony Community",
                "homepage": "https://symfony.com/contributors"
            }
        ],
        "description": "Symfony polyfill for intl's idn_to_ascii and idn_to_utf8 functions",
        "homepage": "https://symfony.com",
        "keywords": [
            "compatibility",
            "idn",
            "intl",
            "polyfill",
            "portable",
            "shim"
        ]
    },
    {
        "name": "symfony/polyfill-intl-normalizer",
        "version": "v1.18.1",
        "version_normalized": "1.18.1.0",
        "source": {
            "type": "git",
            "url": "https://github.com/symfony/polyfill-intl-normalizer.git",
            "reference": "37078a8dd4a2a1e9ab0231af7c6cb671b2ed5a7e"
        },
        "dist": {
            "type": "zip",
            "url": "https://api.github.com/repos/symfony/polyfill-intl-normalizer/zipball/37078a8dd4a2a1e9ab0231af7c6cb671b2ed5a7e",
            "reference": "37078a8dd4a2a1e9ab0231af7c6cb671b2ed5a7e",
            "shasum": ""
        },
        "require": {
            "php": ">=5.3.3"
        },
        "suggest": {
            "ext-intl": "For best performance"
        },
        "time": "2020-07-14T12:35:20+00:00",
        "type": "library",
        "extra": {
            "branch-alias": {
                "dev-master": "1.18-dev"
            },
            "thanks": {
                "name": "symfony/polyfill",
                "url": "https://github.com/symfony/polyfill"
            }
        },
        "installation-source": "dist",
        "autoload": {
            "psr-4": {
                "Symfony\\Polyfill\\Intl\\Normalizer\\": ""
            },
            "files": [
                "bootstrap.php"
            ],
            "classmap": [
                "Resources/stubs"
            ]
        },
        "notification-url": "https://packagist.org/downloads/",
        "license": [
            "MIT"
        ],
        "authors": [
            {
                "name": "Nicolas Grekas",
                "email": "p@tchwork.com"
            },
            {
                "name": "Symfony Community",
                "homepage": "https://symfony.com/contributors"
            }
        ],
        "description": "Symfony polyfill for intl's Normalizer class and related functions",
        "homepage": "https://symfony.com",
        "keywords": [
            "compatibility",
            "intl",
            "normalizer",
            "polyfill",
            "portable",
            "shim"
        ]
    },
    {
        "name": "symfony/polyfill-php70",
        "version": "v1.18.1",
        "version_normalized": "1.18.1.0",
        "source": {
            "type": "git",
            "url": "https://github.com/symfony/polyfill-php70.git",
            "reference": "0dd93f2c578bdc9c72697eaa5f1dd25644e618d3"
        },
        "dist": {
            "type": "zip",
            "url": "https://api.github.com/repos/symfony/polyfill-php70/zipball/0dd93f2c578bdc9c72697eaa5f1dd25644e618d3",
            "reference": "0dd93f2c578bdc9c72697eaa5f1dd25644e618d3",
            "shasum": ""
        },
        "require": {
            "paragonie/random_compat": "~1.0|~2.0|~9.99",
            "php": ">=5.3.3"
        },
        "time": "2020-07-14T12:35:20+00:00",
        "type": "library",
        "extra": {
            "branch-alias": {
                "dev-master": "1.18-dev"
            },
            "thanks": {
                "name": "symfony/polyfill",
                "url": "https://github.com/symfony/polyfill"
            }
        },
        "installation-source": "dist",
        "autoload": {
            "psr-4": {
                "Symfony\\Polyfill\\Php70\\": ""
            },
            "files": [
                "bootstrap.php"
            ],
            "classmap": [
                "Resources/stubs"
            ]
        },
        "notification-url": "https://packagist.org/downloads/",
        "license": [
            "MIT"
        ],
        "authors": [
            {
                "name": "Nicolas Grekas",
                "email": "p@tchwork.com"
            },
            {
                "name": "Symfony Community",
                "homepage": "https://symfony.com/contributors"
            }
        ],
        "description": "Symfony polyfill backporting some PHP 7.0+ features to lower PHP versions",
        "homepage": "https://symfony.com",
        "keywords": [
            "compatibility",
            "polyfill",
            "portable",
            "shim"
        ]
    },
    {
        "name": "symfony/polyfill-php72",
        "version": "v1.18.1",
        "version_normalized": "1.18.1.0",
        "source": {
            "type": "git",
            "url": "https://github.com/symfony/polyfill-php72.git",
            "reference": "639447d008615574653fb3bc60d1986d7172eaae"
        },
        "dist": {
            "type": "zip",
            "url": "https://api.github.com/repos/symfony/polyfill-php72/zipball/639447d008615574653fb3bc60d1986d7172eaae",
            "reference": "639447d008615574653fb3bc60d1986d7172eaae",
            "shasum": ""
        },
        "require": {
            "php": ">=5.3.3"
        },
        "time": "2020-07-14T12:35:20+00:00",
        "type": "library",
        "extra": {
            "branch-alias": {
                "dev-master": "1.18-dev"
            },
            "thanks": {
                "name": "symfony/polyfill",
                "url": "https://github.com/symfony/polyfill"
            }
        },
        "installation-source": "dist",
        "autoload": {
            "psr-4": {
                "Symfony\\Polyfill\\Php72\\": ""
            },
            "files": [
                "bootstrap.php"
            ]
        },
        "notification-url": "https://packagist.org/downloads/",
        "license": [
            "MIT"
        ],
        "authors": [
            {
                "name": "Nicolas Grekas",
                "email": "p@tchwork.com"
            },
            {
                "name": "Symfony Community",
                "homepage": "https://symfony.com/contributors"
            }
        ],
        "description": "Symfony polyfill backporting some PHP 7.2+ features to lower PHP versions",
        "homepage": "https://symfony.com",
        "keywords": [
            "compatibility",
            "polyfill",
            "portable",
            "shim"
        ]
    }
]
